gardening,"Wow gardening is so good, It makes you feel mentally calm and relaxed"
crafting,"Crafting improves your creativity and taste of art, and also crafting helps you to improve your mental health by making your mood and also your wellbeing"
inventing,"Wow, inventing something that would actually solve a problem is smart. Inventing is a good hobby to make your time more productive and craetive."
reading books,Reading books will improve your knowledge if it's a productive book and reading helps you keep mentally stress reduced and it will make your mood
listening to music,"Listening to cheerful and motivational music is really an impressive thing to do when you have time or whenever you feel down, scientifically proved that listening to your favourite music reduce depressionand helps you make your mood."
collecting stamps,Collecting stamps is really an amazing hobby like you get to collect rare stamps and older the most valuable it is. Collecting stamps mentally helps you make your mind and have creative ideas when managing projects.
watching movies,Watching comedy movies can make your mood and it helps you relieve stress
Gardening,"Wow gardening is so good, It makes you feel mentally calm and relaxed"
I like to do gardening,"Wow gardening is so good, It makes you feel mentally calm and relaxed"
I do gardening,"Wow gardening is so good, It makes you feel mentally calm and relaxed"
I am doing gardening,"Wow gardening is so good, It makes you feel mentally calm and relaxed"
planting,"Wow gardening is so good, It makes you feel mentally calm and relaxed"
My hobby is gardening,"Wow gardening is so good, It makes you feel mentally calm and relaxed"
My hobby is doing gardening,"Wow gardening is so good, It makes you feel mentally calm and relaxed"
Crafting,"Crafting improves your creativity and taste of art, and also crafting helps you to improve your mental health by making your mood and also your wellbeing"
I like to do craft works,"Crafting improves your creativity and taste of art, and also crafting helps you to improve your mental health by making your mood and also your wellbeing"
I like crafting,"Crafting improves your creativity and taste of art, and also crafting helps you to improve your mental health by making your mood and also your wellbeing"
My hobby is crafting,"Crafting improves your creativity and taste of art, and also crafting helps you to improve your mental health by making your mood and also your wellbeing"
I like to make crafts,"Crafting improves your creativity and taste of art, and also crafting helps you to improve your mental health by making your mood and also your wellbeing"
I like to make handworks,"Crafting improves your creativity and taste of art, and also crafting helps you to improve your mental health by making your mood and also your wellbeing"
handworks,"Crafting improves your creativity and taste of art, and also crafting helps you to improve your mental health by making your mood and also your wellbeing"
handworking,"Crafting improves your creativity and taste of art, and also crafting helps you to improve your mental health by making your mood and also your wellbeing"
handmade crafts,"Crafting improves your creativity and taste of art, and also crafting helps you to improve your mental health by making your mood and also your wellbeing"
handmade crafting,"Crafting improves your creativity and taste of art, and also crafting helps you to improve your mental health by making your mood and also your wellbeing"
inventing,"Wow, inventing something that would actually solve a problem is smart. Inventing is a good hobby to make your time more productive and craetive."
Inventing,"Wow, inventing something that would actually solve a problem is smart. Inventing is a good hobby to make your time more productive and craetive."
Inventing something,"Wow, inventing something that would actually solve a problem is smart. Inventing is a good hobby to make your time more productive and craetive."
I like to invent,"Wow, inventing something that would actually solve a problem is smart. Inventing is a good hobby to make your time more productive and craetive."
I like inventing something,"Wow, inventing something that would actually solve a problem is smart. Inventing is a good hobby to make your time more productive and craetive."
inventor,"Wow, inventing something that would actually solve a problem is smart. Inventing is a good hobby to make your time more productive and craetive."
My hobby is inventing,"Wow, inventing something that would actually solve a problem is smart. Inventing is a good hobby to make your time more productive and craetive."
Making something new,"Wow, inventing something that would actually solve a problem is smart. Inventing is a good hobby to make your time more productive and craetive."
inventing something new,"Wow, inventing something that would actually solve a problem is smart. Inventing is a good hobby to make your time more productive and craetive."
inventing makes me happy,"Wow, inventing something that would actually solve a problem is smart. Inventing is a good hobby to make your time more productive and craetive."
inventing something new,"Wow, inventing something that would actually solve a problem is smart. Inventing is a good hobby to make your time more productive and craetive."
Read books,Reading books will improve your knowledge if it's a productive book and reading helps you keep mentally stress reduced and it will make your mood
I like reading books,Reading books will improve your knowledge if it's a productive book and reading helps you keep mentally stress reduced and it will make your mood
My hobby is reading books,Reading books will improve your knowledge if it's a productive book and reading helps you keep mentally stress reduced and it will make your mood
I enjoy reading books,Reading books will improve your knowledge if it's a productive book and reading helps you keep mentally stress reduced and it will make your mood
I enjoy reading stories,Reading books will improve your knowledge if it's a productive book and reading helps you keep mentally stress reduced and it will make your mood
I like to read stories',Reading books will improve your knowledge if it's a productive book and reading helps you keep mentally stress reduced and it will make your mood
reading adventure stories,Reading books will improve your knowledge if it's a productive book and reading helps you keep mentally stress reduced and it will make your mood
reading stories,Reading books will improve your knowledge if it's a productive book and reading helps you keep mentally stress reduced and it will make your mood
reading story books,Reading books will improve your knowledge if it's a productive book and reading helps you keep mentally stress reduced and it will make your mood
Read story books,Reading books will improve your knowledge if it's a productive book and reading helps you keep mentally stress reduced and it will make your mood
Reading story books,Reading books will improve your knowledge if it's a productive book and reading helps you keep mentally stress reduced and it will make your mood
Listening to music,"Listening to cheerful and motivational music is really an impressive thing to do when you have time or whenever you feel down, scientifically proved that listening to your favourite music reduce depressionand helps you make your mood."
I like to listen to music,"Listening to cheerful and motivational music is really an impressive thing to do when you have time or whenever you feel down, scientifically proved that listening to your favourite music reduce depressionand helps you make your mood."
listening to music is my hobby,"Listening to cheerful and motivational music is really an impressive thing to do when you have time or whenever you feel down, scientifically proved that listening to your favourite music reduce depressionand helps you make your mood."
Listening to music is my hobby,"Listening to cheerful and motivational music is really an impressive thing to do when you have time or whenever you feel down, scientifically proved that listening to your favourite music reduce depressionand helps you make your mood."
my hobby is listening to music,"Listening to cheerful and motivational music is really an impressive thing to do when you have time or whenever you feel down, scientifically proved that listening to your favourite music reduce depressionand helps you make your mood."
My hobby is listening to music,"Listening to cheerful and motivational music is really an impressive thing to do when you have time or whenever you feel down, scientifically proved that listening to your favourite music reduce depressionand helps you make your mood."
music,"Listening to cheerful and motivational music is really an impressive thing to do when you have time or whenever you feel down, scientifically proved that listening to your favourite music reduce depressionand helps you make your mood."
listening to songs,"Listening to cheerful and motivational music is really an impressive thing to do when you have time or whenever you feel down, scientifically proved that listening to your favourite music reduce depressionand helps you make your mood."
Listening to songs,"Listening to cheerful and motivational music is really an impressive thing to do when you have time or whenever you feel down, scientifically proved that listening to your favourite music reduce depressionand helps you make your mood."
songs,"Listening to cheerful and motivational music is really an impressive thing to do when you have time or whenever you feel down, scientifically proved that listening to your favourite music reduce depressionand helps you make your mood."
music makes me feel good,"Listening to cheerful and motivational music is really an impressive thing to do when you have time or whenever you feel down, scientifically proved that listening to your favourite music reduce depressionand helps you make your mood."
music is amazing,"Listening to cheerful and motivational music is really an impressive thing to do when you have time or whenever you feel down, scientifically proved that listening to your favourite music reduce depressionand helps you make your mood."
listen to cool music,"Listening to cheerful and motivational music is really an impressive thing to do when you have time or whenever you feel down, scientifically proved that listening to your favourite music reduce depressionand helps you make your mood."
listen to calm music,"Listening to cheerful and motivational music is really an impressive thing to do when you have time or whenever you feel down, scientifically proved that listening to your favourite music reduce depressionand helps you make your mood."
collecting stamps,Collecting stamps is really an amazing hobby like you get to collect rare stamps and older the most valuable it is. Collecting stamps mentally helps you make your mind and have creative ideas when managing projects.
Collecting stamps,Collecting stamps is really an amazing hobby like you get to collect rare stamps and older the most valuable it is. Collecting stamps mentally helps you make your mind and have creative ideas when managing projects.
I like to collect stamps,Collecting stamps is really an amazing hobby like you get to collect rare stamps and older the most valuable it is. Collecting stamps mentally helps you make your mind and have creative ideas when managing projects.
stamps collecting,Collecting stamps is really an amazing hobby like you get to collect rare stamps and older the most valuable it is. Collecting stamps mentally helps you make your mind and have creative ideas when managing projects.
My hobby is collecting stamps,Collecting stamps is really an amazing hobby like you get to collect rare stamps and older the most valuable it is. Collecting stamps mentally helps you make your mind and have creative ideas when managing projects.
My hobby is collecting stamps,Collecting stamps is really an amazing hobby like you get to collect rare stamps and older the most valuable it is. Collecting stamps mentally helps you make your mind and have creative ideas when managing projects.
collecting stamps is my hobby,Collecting stamps is really an amazing hobby like you get to collect rare stamps and older the most valuable it is. Collecting stamps mentally helps you make your mind and have creative ideas when managing projects.
my hobby is collecting stamps,Collecting stamps is really an amazing hobby like you get to collect rare stamps and older the most valuable it is. Collecting stamps mentally helps you make your mind and have creative ideas when managing projects.
stamp collecting,Collecting stamps is really an amazing hobby like you get to collect rare stamps and older the most valuable it is. Collecting stamps mentally helps you make your mind and have creative ideas when managing projects.
stamp collecting is my hobby,Collecting stamps is really an amazing hobby like you get to collect rare stamps and older the most valuable it is. Collecting stamps mentally helps you make your mind and have creative ideas when managing projects.
collecting stamps,Collecting stamps is really an amazing hobby like you get to collect rare stamps and older the most valuable it is. Collecting stamps mentally helps you make your mind and have creative ideas when managing projects.
stamps collecting,Collecting stamps is really an amazing hobby like you get to collect rare stamps and older the most valuable it is. Collecting stamps mentally helps you make your mind and have creative ideas when managing projects.
I like stamp collecting,Collecting stamps is really an amazing hobby like you get to collect rare stamps and older the most valuable it is. Collecting stamps mentally helps you make your mind and have creative ideas when managing projects.
My favourite is stamp collecting,Collecting stamps is really an amazing hobby like you get to collect rare stamps and older the most valuable it is. Collecting stamps mentally helps you make your mind and have creative ideas when managing projects.
stamp collecting is my favorite hobby,Collecting stamps is really an amazing hobby like you get to collect rare stamps and older the most valuable it is. Collecting stamps mentally helps you make your mind and have creative ideas when managing projects.
Watching movies,Watching comedy movies can make your mood and it helps you relieve stress
My hobby is watching movies,Watching comedy movies can make your mood and it helps you relieve stress
I like to watch movies,Watching comedy movies can make your mood and it helps you relieve stress
Watching movies is my hobby,Watching comedy movies can make your mood and it helps you relieve stress
watching movies is my hobby,Watching comedy movies can make your mood and it helps you relieve stress
I enjoy watching movies,Watching comedy movies can make your mood and it helps you relieve stress
Watching films,Watching comedy movies can make your mood and it helps you relieve stress
watch movies,Watching comedy movies can make your mood and it helps you relieve stress
Watch movies,Watching comedy movies can make your mood and it helps you relieve stress
Watching films is my hobby,Watching comedy movies can make your mood and it helps you relieve stress
Watching films is my favourite hobby,Watching comedy movies can make your mood and it helps you relieve stress
My favourite is watching movies,Watching comedy movies can make your mood and it helps you relieve stress
I like to watch comedy movies ,Watching comedy movies can make your mood and it helps you relieve stress